{
  "model_name": "lightgbm",
  "accuracy": 0.6086956521739131,
  "precision": 0.6176142697881828,
  "recall": 0.6086956521739131,
  "f1_score": 0.6049689440993788,
  "auroc": null,
  "predictions": [
    5,
    4,
    5,
    4,
    5,
    5,
    2,
    5,
    4,
    4,
    4,
    5,
    4,
    4,
    4,
    4,
    4,
    4,
    5,
    5,
    4,
    5,
    4
  ],
  "true_labels": [
    4,
    4,
    4,
    4,
    4,
    4,
    4,
    2,
    4,
    4,
    4,
    5,
    4,
    4,
    5,
    2,
    4,
    4,
    5,
    5,
    4,
    5,
    5
  ],
  "confusion_matrix": [
    [
      0,
      1,
      1
    ],
    [
      1,
      10,
      4
    ],
    [
      0,
      2,
      4
    ]
  ],
  "classification_report": {
    "2": {
      "precision": 0.0,
      "recall": 0.0,
      "f1-score": 0.0,
      "support": 2.0
    },
    "4": {
      "precision": 0.7692307692307693,
      "recall": 0.6666666666666666,
      "f1-score": 0.7142857142857143,
      "support": 15.0
    },
    "5": {
      "precision": 0.4444444444444444,
      "recall": 0.6666666666666666,
      "f1-score": 0.5333333333333333,
      "support": 6.0
    },
    "accuracy": 0.6086956521739131,
    "macro avg": {
      "precision": 0.4045584045584046,
      "recall": 0.4444444444444444,
      "f1-score": 0.4158730158730159,
      "support": 23.0
    },
    "weighted avg": {
      "precision": 0.6176142697881828,
      "recall": 0.6086956521739131,
      "f1-score": 0.6049689440993788,
      "support": 23.0
    }
  }
}