{
  "model_name": "logistic_regression",
  "accuracy": 0.7391304347826086,
  "precision": 0.9021739130434783,
  "recall": 0.7391304347826086,
  "f1_score": 0.7961458831024047,
  "auroc": null,
  "predictions": [
    1,
    5,
    4,
    4,
    4,
    5,
    4,
    5,
    4,
    4,
    4,
    5,
    4,
    1,
    5,
    2,
    4,
    4,
    5,
    5,
    4,
    1,
    5
  ],
  "true_labels": [
    4,
    4,
    4,
    4,
    4,
    4,
    4,
    2,
    4,
    4,
    4,
    5,
    4,
    4,
    5,
    2,
    4,
    4,
    5,
    5,
    4,
    5,
    5
  ],
  "confusion_matrix": [
    [
      0,
      0,
      0,
      0
    ],
    [
      0,
      1,
      0,
      1
    ],
    [
      2,
      0,
      11,
      2
    ],
    [
      1,
      0,
      0,
      5
    ]
  ],
  "classification_report": {
    "1": {
      "precision": 0.0,
      "recall": 0.0,
      "f1-score": 0.0,
      "support": 0.0
    },
    "2": {
      "precision": 1.0,
      "recall": 0.5,
      "f1-score": 0.6666666666666666,
      "support": 2.0
    },
    "4": {
      "precision": 1.0,
      "recall": 0.7333333333333333,
      "f1-score": 0.8461538461538461,
      "support": 15.0
    },
    "5": {
      "precision": 0.625,
      "recall": 0.8333333333333334,
      "f1-score": 0.7142857142857143,
      "support": 6.0
    },
    "accuracy": 0.7391304347826086,
    "macro avg": {
      "precision": 0.65625,
      "recall": 0.5166666666666667,
      "f1-score": 0.5567765567765568,
      "support": 23.0
    },
    "weighted avg": {
      "precision": 0.9021739130434783,
      "recall": 0.7391304347826086,
      "f1-score": 0.7961458831024047,
      "support": 23.0
    }
  }
}