{
  "xgboost": {
    "accuracy": 0.8695652173913043,
    "precision": 0.9130434782608695,
    "recall": 0.8695652173913043,
    "f1_score": 0.8722567287784679,
    "auroc": null
  },
  "random_forest": {
    "accuracy": 0.782608695652174,
    "precision": 0.7585284280936456,
    "recall": 0.782608695652174,
    "f1_score": 0.7546583850931675,
    "auroc": null
  },
  "lightgbm": {
    "accuracy": 0.6086956521739131,
    "precision": 0.6176142697881828,
    "recall": 0.6086956521739131,
    "f1_score": 0.6049689440993788,
    "auroc": null
  },
  "logistic_regression": {
    "accuracy": 0.7391304347826086,
    "precision": 0.9021739130434783,
    "recall": 0.7391304347826086,
    "f1_score": 0.7961458831024047,
    "auroc": null
  }
}