{
  "model_name": "random_forest",
  "accuracy": 0.782608695652174,
  "precision": 0.7585284280936456,
  "recall": 0.782608695652174,
  "f1_score": 0.7546583850931675,
  "auroc": null,
  "predictions": [
    5,
    4,
    5,
    4,
    4,
    5,
    4,
    5,
    4,
    4,
    4,
    5,
    4,
    4,
    5,
    4,
    4,
    4,
    5,
    5,
    4,
    5,
    5
  ],
  "true_labels": [
    4,
    4,
    4,
    4,
    4,
    4,
    4,
    2,
    4,
    4,
    4,
    5,
    4,
    4,
    5,
    2,
    4,
    4,
    5,
    5,
    4,
    5,
    5
  ],
  "confusion_matrix": [
    [
      0,
      1,
      1
    ],
    [
      0,
      12,
      3
    ],
    [
      0,
      0,
      6
    ]
  ],
  "classification_report": {
    "2": {
      "precision": 0.0,
      "recall": 0.0,
      "f1-score": 0.0,
      "support": 2.0
    },
    "4": {
      "precision": 0.9230769230769231,
      "recall": 0.8,
      "f1-score": 0.8571428571428571,
      "support": 15.0
    },
    "5": {
      "precision": 0.6,
      "recall": 1.0,
      "f1-score": 0.75,
      "support": 6.0
    },
    "accuracy": 0.782608695652174,
    "macro avg": {
      "precision": 0.5076923076923077,
      "recall": 0.6,
      "f1-score": 0.5357142857142857,
      "support": 23.0
    },
    "weighted avg": {
      "precision": 0.7585284280936456,
      "recall": 0.782608695652174,
      "f1-score": 0.7546583850931675,
      "support": 23.0
    }
  }
}