{
  "model_name": "xgboost",
  "accuracy": 0.8695652173913043,
  "precision": 0.9130434782608695,
  "recall": 0.8695652173913043,
  "f1_score": 0.8722567287784679,
  "auroc": null,
  "predictions": [
    5,
    4,
    4,
    4,
    4,
    5,
    4,
    5,
    4,
    4,
    4,
    5,
    4,
    4,
    5,
    2,
    4,
    4,
    5,
    5,
    4,
    5,
    5
  ],
  "true_labels": [
    4,
    4,
    4,
    4,
    4,
    4,
    4,
    2,
    4,
    4,
    4,
    5,
    4,
    4,
    5,
    2,
    4,
    4,
    5,
    5,
    4,
    5,
    5
  ],
  "confusion_matrix": [
    [
      1,
      0,
      1
    ],
    [
      0,
      13,
      2
    ],
    [
      0,
      0,
      6
    ]
  ],
  "classification_report": {
    "2": {
      "precision": 1.0,
      "recall": 0.5,
      "f1-score": 0.6666666666666666,
      "support": 2.0
    },
    "4": {
      "precision": 1.0,
      "recall": 0.8666666666666667,
      "f1-score": 0.9285714285714286,
      "support": 15.0
    },
    "5": {
      "precision": 0.6666666666666666,
      "recall": 1.0,
      "f1-score": 0.8,
      "support": 6.0
    },
    "accuracy": 0.8695652173913043,
    "macro avg": {
      "precision": 0.8888888888888888,
      "recall": 0.7888888888888889,
      "f1-score": 0.7984126984126986,
      "support": 23.0
    },
    "weighted avg": {
      "precision": 0.9130434782608695,
      "recall": 0.8695652173913043,
      "f1-score": 0.8722567287784679,
      "support": 23.0
    }
  }
}